,Unnamed: 0,snapped_at,price,market_cap,total_volume,total supply,circulating_supply,date
0,0,2019-06-29 00:00:00 UTC,1.9959273028916893,9218437.472383998,1544873.7798697315,50000000.0,4618623.864220091,2019-06-29
1,1,2019-06-30 00:00:00 UTC,2.0881333997747618,9642670.411608974,364705.9025692985,50000000.0,4617842.142005433,2019-06-30
2,2,2019-07-01 00:00:00 UTC,1.9273043941876038,9195159.827644268,299709.3806391612,51321143.18170629,4770995.103510988,2019-07-01
3,3,2019-07-02 00:00:00 UTC,1.89231812046512,9241389.768726692,102402.6383486697,52902733.35141783,4883634.347091289,2019-07-02
4,4,2019-07-03 00:00:00 UTC,1.6133662742005692,8065828.2141444525,200242.5969077232,54207908.79939629,4999378.221254258,2019-07-03
5,5,2019-07-04 00:00:00 UTC,1.4521027175861638,7388804.026812453,443086.3519496878,55055007.83985025,5088348.046820607,2019-07-04
6,6,2019-07-05 00:00:00 UTC,1.4214806278175545,7350475.645701625,86672.78541454268,55949273.03613232,5170999.521102902,2019-07-05
7,7,2019-07-06 00:00:00 UTC,1.3047545755581158,6842382.346182231,90159.03032808367,56741192.30386373,5244191.110236471,2019-07-06
8,8,2019-07-07 00:00:00 UTC,1.26622406564711,6736569.149587328,227681.51420619697,57384944.27069616,5320203.060699665,2019-07-07
9,9,2019-07-08 00:00:00 UTC,1.257399887721402,6722574.972721772,365902.1919746229,57873027.26750059,5346409.712906918,2019-07-08
10,10,2019-07-09 00:00:00 UTC,1.29152119986365,6968354.705348961,590301.5052673927,58377925.39731769,5395462.8898733,2019-07-09
11,11,2019-07-10 00:00:00 UTC,1.2850653875357507,6995865.768535275,698933.5223699099,58906642.01260629,5443976.498309234,2019-07-10
12,12,2019-07-11 00:00:00 UTC,1.5000108139405732,8256022.079600854,1060631.6895070062,59606836.76310747,5503975.0399612365,2019-07-11
13,13,2019-07-12 00:00:00 UTC,1.3563327544836652,7549658.740478125,215404.3761230145,60534749.30168666,5566229.021249408,2019-07-12
14,14,2019-07-13 00:00:00 UTC,1.478977444653589,8423993.273713157,973502.3453468587,61622902.20950113,5695822.680843014,2019-07-13
15,15,2019-07-14 00:00:00 UTC,1.4476602933385538,8380158.212072519,158500.0635895187,62630942.61831176,5788760.14672367,2019-07-14
16,16,2019-07-15 00:00:00 UTC,1.5632367713193918,9203714.565470858,1104114.8565613634,63712681.23224621,5887601.119888451,2019-07-15
17,17,2019-07-16 00:00:00 UTC,1.5261277000608438,9150474.546303786,597105.6080807706,64889609.23850809,5995877.373786594,2019-07-16
18,18,2019-07-17 00:00:00 UTC,1.3651696834037652,8330299.316780424,859065.9475396703,65902750.65307646,6102024.838414638,2019-07-17
19,19,2019-07-18 00:00:00 UTC,1.5470737239209655,9522469.93105061,1383346.4211130028,66839516.96111388,6155149.417777248,2019-07-18
20,20,2019-07-19 00:00:00 UTC,1.431530700641655,8955970.29042653,982341.0985993934,67925938.73847193,6256219.504347475,2019-07-19
21,21,2019-07-20 00:00:00 UTC,1.3878785484076113,8858145.760669254,816959.8435973708,68841318.2411626,6382507.872056015,2019-07-20
22,22,2019-07-21 00:00:00 UTC,1.2991061118494602,8382836.555986165,901279.730910338,69502759.79735398,6452772.779316709,2019-07-21
23,23,2019-07-22 00:00:00 UTC,1.3085013232409302,8503617.359222902,669573.3108708179,70153213.00569792,6498745.70868673,2019-07-22
24,24,2019-07-23 00:00:00 UTC,1.2426619604608409,8142526.143243417,620003.1384331448,70740129.6951452,6552486.840607693,2019-07-23
25,25,2019-07-24 00:00:00 UTC,1.2181494191861713,8014437.233649736,458384.5116005974,71268263.44465357,6579190.620970021,2019-07-24
26,26,2019-07-25 00:00:00 UTC,1.1680132488037842,7797896.912141335,300356.3234763273,71740867.23382671,6676205.873629874,2019-07-25
27,27,2019-07-26 00:00:00 UTC,1.1673316847040225,7810668.420254225,194109.70250232585,72205487.95322295,6691044.64703588,2019-07-26
28,28,2019-07-27 00:00:00 UTC,1.141080180738694,7644053.101068096,115103.06585216375,72553469.92404921,6698962.290379641,2019-07-27
29,29,2019-07-28 00:00:00 UTC,1.0943024128978756,7370661.394281009,359053.4144031028,72824032.7338157,6735488.570076713,2019-07-28
30,30,2019-07-29 00:00:00 UTC,0.9993561123998016,6727934.986113212,127475.48887292785,72980856.56461772,6732269.8111658115,2019-07-29
31,31,2019-07-30 00:00:00 UTC,0.9625116823503916,6506422.049080981,352276.5573062832,72980856.56461772,6759836.964464386,2019-07-30
32,32,2019-07-31 00:00:00 UTC,0.9360113659956276,6325088.842142459,549711.3770141029,72980856.56461772,6757491.492012507,2019-07-31
33,33,2019-08-01 00:00:00 UTC,0.7594761637806,5097497.679006752,289170.0679147625,72668448.13592799,6711859.99259265,2019-08-01
34,34,2019-08-02 00:00:00 UTC,0.8344463015540494,5533393.003388478,268520.16108593845,72098084.3513343,6631215.2059194725,2019-08-02
35,35,2019-08-03 00:00:00 UTC,0.8465456237776233,5611785.667620941,216660.86104462808,71668093.05617644,6629041.022714076,2019-08-03
36,36,2019-08-04 00:00:00 UTC,0.8562094054212122,5629108.163830795,221698.39129502032,71292028.92607887,6574452.614266198,2019-08-04
37,37,2019-08-05 00:00:00 UTC,0.9599579403532608,6307326.994947217,399557.2784680776,70986802.97800273,6570420.150518413,2019-08-05
38,38,2019-08-06 00:00:00 UTC,0.9813861362450946,6444005.025631023,263105.0220373433,70986802.97800273,6566227.897091135,2019-08-06
39,39,2019-08-07 00:00:00 UTC,0.9633043020402928,6326722.0929356925,68697.04407794878,70986802.97800273,6567729.511365828,2019-08-07
40,40,2019-08-08 00:00:00 UTC,0.9040336173927164,5929424.988764065,210675.32350136095,70832213.22311251,6558854.532273766,2019-08-08
41,41,2019-08-09 00:00:00 UTC,0.8187738302329908,5350589.82311348,269695.82972762326,70526586.34478132,6534881.3378548175,2019-08-09
42,42,2019-08-10 00:00:00 UTC,0.813479678153132,5270656.066492396,302743.61916884274,70088708.5162719,6479149.028600848,2019-08-10
43,43,2019-08-11 00:00:00 UTC,0.8092072593314055,5219065.438377081,292631.1169145832,69644238.09372546,6449602.840549466,2019-08-11
44,44,2019-08-12 00:00:00 UTC,0.8012073179561158,5124613.466345966,243731.45039625114,69192547.82340445,6396114.1535987,2019-08-12
45,45,2019-08-13 00:00:00 UTC,0.7973502219127577,5053086.668128637,248195.60821835892,68730760.90301132,6337349.045952259,2019-08-13
46,46,2019-08-14 00:00:00 UTC,0.7399978949123427,4669914.803010027,190075.66079184206,68214556.73598884,6310713.6319127055,2019-08-14
47,47,2019-08-15 00:00:00 UTC,0.6934756290317259,4338886.856158313,206713.0505666979,67588240.67362276,6256725.794699576,2019-08-15
48,48,2019-08-16 00:00:00 UTC,0.7006663395598336,4337265.395664547,152908.33037379858,66906004.12235927,6190200.88561592,2019-08-16
49,49,2019-08-17 00:00:00 UTC,0.6962609816307749,4276090.457850842,257869.93353579572,66237433.8905526,6141505.22672609,2019-08-17
50,50,2019-08-18 00:00:00 UTC,0.6822359877756393,4140784.981006845,292752.17523933994,65562540.69431001,6069432.066325687,2019-08-18
51,51,2019-08-19 00:00:00 UTC,0.6901660622481258,4135688.906047712,255871.8739373942,64884292.74956095,5992309.868984641,2019-08-19
52,52,2019-08-20 00:00:00 UTC,0.6933662608614426,4126011.2318102033,301881.9471317804,64200471.46425717,5950695.129993808,2019-08-20
53,53,2019-08-21 00:00:00 UTC,0.6816494764190445,4012726.658089356,235306.3611627496,63536871.44137701,5886789.027066647,2019-08-21
54,54,2019-08-22 00:00:00 UTC,0.6778913785914015,3954410.730322803,244482.9897810277,62858781.87389539,5833398.764474214,2019-08-22
55,55,2019-08-23 00:00:00 UTC,0.6279786418951507,3621178.999417742,294868.34672339784,62151856.77692064,5766404.711614929,2019-08-23
56,56,2019-08-24 00:00:00 UTC,0.6088341824468942,3473434.0554022086,197750.2914829404,61363877.99558595,5705057.560077419,2019-08-24
57,57,2019-08-25 00:00:00 UTC,0.6072844006537792,3416179.126949996,207158.71011175786,60565385.95786589,5625336.536344863,2019-08-25
58,58,2019-08-26 00:00:00 UTC,0.6039959603249,3356322.739540831,198652.22026249114,59769888.91391926,5556862.89314817,2019-08-26
59,59,2019-08-27 00:00:00 UTC,0.585671264928238,3231230.7344961017,146422.35944114247,58970815.62000325,5517140.635014803,2019-08-27
60,60,2019-08-28 00:00:00 UTC,0.580560537134609,3159050.7237212425,28342.2871261166,58155028.22780032,5441380.393012803,2019-08-28
61,61,2019-08-29 00:00:00 UTC,0.5584495475576133,2992669.3704247917,23264.62964995849,57320856.13111235,5358889.417160909,2019-08-29
62,62,2019-08-30 00:00:00 UTC,0.5108989889389495,2694984.383121408,37949.06891556087,56423377.91888925,5274984.765028471,2019-08-30
63,63,2019-08-31 00:00:00 UTC,0.5118580821572986,2655030.502954156,16849.90792064933,55504734.55216712,5187044.213044665,2019-08-31
64,64,2019-09-01 00:00:00 UTC,0.4857664322196644,2478308.239019025,25721.677168970728,54571475.08940479,5101851.578534619,2019-09-01
65,65,2019-09-02 00:00:00 UTC,0.4831452652370094,2422606.588291955,9591.118564725222,53634352.14362326,5014240.56614429,2019-09-02
66,66,2019-09-03 00:00:00 UTC,0.4698740613078643,2326649.8590256264,28107.71514543535,52694693.35381077,4951645.665541839,2019-09-03
67,67,2019-09-04 00:00:00 UTC,0.4544199179222864,2198435.0932785533,66466.5735462666,51748070.61333727,4837893.33735702,2019-09-04
68,68,2019-09-05 00:00:00 UTC,0.44851403211715996,2131127.468520876,77028.39329405635,50798654.92771968,4751529.08474486,2019-09-05
69,69,2019-09-06 00:00:00 UTC,0.5215239467632993,2433961.1602961696,111431.24703559668,49895135.9216103,4667017.06681334,2019-09-06
70,70,2019-09-07 00:00:00 UTC,0.4588600906130543,2104969.201838689,94760.08608312279,49043401.98919067,4587387.84413866,2019-09-07
71,71,2019-09-08 00:00:00 UTC,0.4633452288290112,2087279.944082676,20881.122639102992,48160516.24453339,4504805.087467399,2019-09-08
72,72,2019-09-09 00:00:00 UTC,0.4782609367422105,2117977.252853395,12824.179882446377,47309506.53753357,4428497.270298734,2019-09-09
73,73,2019-09-10 00:00:00 UTC,0.4793950568718482,2084373.851278745,56482.089263098336,46483325.78993516,4347925.20573682,2019-09-10
74,74,2019-09-11 00:00:00 UTC,0.4816862828475784,2057975.738725032,43387.224397981015,45676319.32397472,4272439.9926004205,2019-09-11
75,75,2019-09-12 00:00:00 UTC,0.4314981944349993,1810546.6309487484,61130.039654417014,44858614.99149751,4195954.12981847,2019-09-12
76,76,2019-09-13 00:00:00 UTC,0.4014714470721078,1650271.1947926697,84822.78890899617,43992080.38816121,4110556.8199879145,2019-09-13
77,77,2019-09-14 00:00:00 UTC,0.3986088126301449,1606079.0082114672,40141.753027753286,43108278.91910776,4029210.9891250483,2019-09-14
78,78,2019-09-15 00:00:00 UTC,0.3917517466990832,1547892.8611925943,34339.798832789565,42242059.55901899,3951208.5759290294,2019-09-15
79,79,2019-09-16 00:00:00 UTC,0.3903138300710461,1511122.279079623,70214.10849976378,41390511.87951503,3871557.0975401103,2019-09-16
80,80,2019-09-17 00:00:00 UTC,0.3996982622853878,1515915.704665844,10653.574366815319,40546924.72988179,3792650.2256931704,2019-09-17
81,81,2019-09-18 00:00:00 UTC,0.3937848017744139,1464153.0833718574,33700.070659232406,39731063.56400827,3718155.390391683,2019-09-18
82,82,2019-09-19 00:00:00 UTC,0.4051983596843791,1477287.05017812,35069.48892687534,38936766.84029861,3645836.699163398,2019-09-19
83,83,2019-09-20 00:00:00 UTC,0.4615036560505082,1649336.8054630137,32318.586441731284,38207562.60626315,3573832.5879752203,2019-09-20
84,84,2019-09-21 00:00:00 UTC,0.4742665148666232,1665217.3678782943,36328.25796845918,37537348.96946226,3511142.6079629497,2019-09-21
85,85,2019-09-22 00:00:00 UTC,0.4463193428659557,1539234.8223156296,7720.5071626888575,36870098.65918116,3448729.809538889,2019-09-22
86,86,2019-09-23 00:00:00 UTC,0.4359738976587023,1475056.9325592066,3245.4592936169092,36183621.34820296,3383360.656407783,2019-09-23
87,87,2019-09-24 00:00:00 UTC,0.3979948453862449,1329569.764245527,62530.25415703124,35506600.21690948,3340670.8143549194,2019-09-24
88,88,2019-09-25 00:00:00 UTC,0.3848632212748242,1263782.3453379623,69353.69617580867,34792330.589846365,3283718.1509623053,2019-09-25
89,89,2019-09-26 00:00:00 UTC,0.3835602971593844,1222528.7871612944,49407.07980811999,34074362.95289896,3187318.3857016503,2019-09-26
90,90,2019-09-27 00:00:00 UTC,0.3811653207440752,1210117.071750358,32450.654600291567,33370341.0638801,3174782.714723577,2019-09-27
91,91,2019-09-28 00:00:00 UTC,0.3864830307102421,1203579.7800326643,16715.760106899532,32682057.58412027,3114185.318358839,2019-09-28
92,92,2019-09-29 00:00:00 UTC,0.3781174754432398,1149024.23601231,35970.47047719808,32007195.061516996,3038802.25230371,2019-09-29
93,93,2019-09-30 00:00:00 UTC,0.37586511878205175,1122277.5605319107,27496.14476607397,31344824.46865841,2985851.8507078383,2019-09-30
94,94,2019-10-01 00:00:00 UTC,0.3789288700453429,1108221.0574089366,13053.348164180312,30692597.287029136,2924615.00037283,2019-10-01
95,95,2019-10-02 00:00:00 UTC,0.3675526077589861,1031052.6730069312,46707.12981296219,30056230.06672797,2805183.9416767773,2019-10-02
96,96,2019-10-03 00:00:00 UTC,0.3675526077589861,1031052.6730069312,46707.12981296219,29429237.7565658,2805183.9416767773,2019-10-03
97,97,2019-10-04 00:00:00 UTC,0.3710281996771888,996968.123057731,20989.27972846152,28807824.56550992,2687041.37293375,2019-10-04
98,98,2019-10-05 00:00:00 UTC,0.3714475752184118,998095.0024877936,20539.464194241293,28199362.563116144,2687041.3729337496,2019-10-05
99,99,2019-10-06 00:00:00 UTC,0.3731945007283127,981692.0540512408,3323.685424569668,27606095.00258141,2630510.5035990793,2019-10-06
100,100,2019-10-07 00:00:00 UTC,0.4342416217451999,1118786.8229732928,40561.27353107274,27038390.28998416,2576415.44925365,2019-10-07
101,101,2019-10-08 00:00:00 UTC,0.4261077253902875,1077592.3545798152,80317.8647555249,26532959.693043914,2528920.013343596,2019-10-08
102,102,2019-10-09 00:00:00 UTC,0.4620728063323588,1146261.2017693305,40715.95516763498,26020273.84227395,2480693.921089245,2019-10-09
103,103,2019-10-10 00:00:00 UTC,0.5222753745117604,1272804.4723654343,115302.97217520619,25575673.63908008,2437037.11582284,2019-10-10
104,104,2019-10-11 00:00:00 UTC,0.5765725533347704,1381925.3177197191,33236.98453919543,25153333.361303024,2396793.4472894403,2019-10-11
105,105,2019-10-12 00:00:00 UTC,0.6940675983173837,1700185.8877643046,52109.31424333006,24807469.56644153,2449596.97281077,2019-10-12
106,106,2019-10-13 00:00:00 UTC,0.5307629615414439,1283882.247390951,10144.156322839564,24496972.5572894,2418937.1535313902,2019-10-13
107,107,2019-10-14 00:00:00 UTC,0.5788292274175466,1378654.6426041985,78706.97783606543,24120864.330024306,2381798.5984486,2019-10-14
108,108,2019-10-15 00:00:00 UTC,0.5252230446710091,1231785.734964575,55261.43701481498,23750853.88927259,2345262.1652123905,2019-10-15
109,109,2019-10-16 00:00:00 UTC,0.5067163340907207,1168931.4753183548,28422.472822723437,23357291.8079492,2306875.458072511,2019-10-16
110,110,2019-10-17 00:00:00 UTC,0.508526363891905,1153063.021695792,23035.1753230209,22962935.291979115,2267459.67086358,2019-10-17
111,111,2019-10-18 00:00:00 UTC,0.5179157274747669,1152606.224614211,2635.1175368292706,22569074.199232657,2225470.5996939754,2019-10-18
112,112,2019-10-19 00:00:00 UTC,0.5175187263486974,1143069.3538230895,5794.014082753877,22199570.676459868,2208749.7430052496,2019-10-19
113,113,2019-10-20 00:00:00 UTC,0.41525913802648345,899597.0336364198,14882.737366249276,21773431.53954649,2166350.96318831,2019-10-20
114,114,2019-10-21 00:00:00 UTC,0.4122784839817293,875440.6342424367,11792.921865896675,21341949.80130956,2123420.62042033,2019-10-21
115,115,2019-10-22 00:00:00 UTC,0.41260566238266255,1134184.5939773535,1762.0628306139834,20913467.96190251,2748834.2923551,2019-10-22
116,116,2019-10-23 00:00:00 UTC,0.4118673334534925,1109874.9036659473,825.65379616126,20500617.385059096,2694738.847967589,2019-10-23
117,117,2019-10-24 00:00:00 UTC,0.4099233808588409,1082784.0163987677,1324.1556035225428,20096324.8164458,2641430.24515996,2019-10-24
118,118,2019-10-25 00:00:00 UTC,0.2266286924828529,586866.8130697425,433.35413489666877,19701629.753486946,2589552.1288159303,2019-10-25
119,119,2019-10-26 00:00:00 UTC,0.4014913278745425,1123844.0528607336,16548.189225847145,19311310.28959236,2799173.9169318024,2019-10-26
120,120,2019-10-27 00:00:00 UTC,0.4148563746312215,1179228.7737609118,1377.4096699394067,18924928.440710872,2842498.86435797,2019-10-27
121,121,2019-10-28 00:00:00 UTC,0.3657207067071215,1017625.7960653944,41149.60024535454,18525609.414258234,2782521.6822637697,2019-10-28
122,122,2019-10-29 00:00:00 UTC,0.3281555223200945,893276.9130241243,21420.3269363734,18123427.662958007,2722114.52273776,2019-10-29
123,123,2019-10-30 00:00:00 UTC,0.35149848212345713,934232.8430200979,26254.27798354649,17710474.026193634,2657857.4034694307,2019-10-30
124,124,2019-10-31 00:00:00 UTC,0.3301891843474676,878332.7626385555,2334.8873518964724,16538752.424513927,2660089.4404653204,2019-10-31
125,125,2019-11-01 00:00:00 UTC,0.3160356406396088,785063.638021262,11991.457410121873,15402747.41915341,2484098.4277355894,2019-11-01
126,126,2019-11-02 00:00:00 UTC,0.3334131987616648,771342.099718825,21198.399301637968,14359667.630526373,2313471.99985987,2019-11-02
127,127,2019-11-03 00:00:00 UTC,0.3290134810522037,709072.8095497927,39126.48888034848,13414725.601177435,2155148.1941777514,2019-11-03
128,128,2019-11-04 00:00:00 UTC,0.6946435804679639,1399619.1434640123,326412.9301213889,12809616.979523733,2014873.7896938801,2019-11-04
129,129,2019-11-05 00:00:00 UTC,0.7130467372351936,1370763.4194928398,73099.78483699322,12438167.885557694,1922403.3263344178,2019-11-05
130,130,2019-11-06 00:00:00 UTC,0.5522618766811396,1032290.9934871636,69569.5218310033,11957976.866010627,1869205.6016808476,2019-11-06
131,131,2019-11-07 00:00:00 UTC,0.46714198070343604,838537.6059070772,57011.91334676457,11327232.297777988,1795037.9981785896,2019-11-07
132,132,2019-11-08 00:00:00 UTC,0.5986425219273376,1018491.5324269821,303229.4225171494,10874778.614272352,1701335.0958564302,2019-11-08
133,133,2019-11-09 00:00:00 UTC,0.5705958840352517,931998.2843175731,141776.11897549697,10441487.08913546,1633377.1595520196,2019-11-09
134,134,2019-11-10 00:00:00 UTC,0.5650778255615456,886210.0584790644,119678.03828866615,9989019.570421757,1568297.3537289202,2019-11-10
135,135,2019-11-11 00:00:00 UTC,0.5841543997105451,876428.6578574915,213670.65616505558,9554142.764383106,1500337.33939481,2019-11-11
136,136,2019-11-12 00:00:00 UTC,0.5985262031868709,858972.5406899655,437171.7421388381,9161495.8346725,1435146.0907080427,2019-11-12
137,137,2019-11-13 00:00:00 UTC,0.6307802921584936,866939.5669405882,437370.75007331494,8809828.831604723,1374392.2847905904,2019-11-13
138,138,2019-11-14 00:00:00 UTC,0.7859094128207509,1040419.0840561179,994983.697819464,8571300.262416067,1323840.9759235384,2019-11-14
139,139,2019-11-15 00:00:00 UTC,0.6753134637186703,868900.7342202484,834574.6782410708,8314906.5150846075,1286662.8327466974,2019-11-15
140,140,2019-11-16 00:00:00 UTC,0.6660173451889917,829448.7551082504,3286737.124982531,8038903.526236912,1245386.1165926284,2019-11-16
141,141,2019-11-17 00:00:00 UTC,0.787959824706372,959242.4417284656,4012025.1454431335,7816260.080207755,1217374.809795564,2019-11-17
142,142,2019-11-18 00:00:00 UTC,1.3914236080528777,1632462.7182746863,6677300.542426314,7816260.080207755,1173232.0113204867,2019-11-18
143,143,2019-11-19 00:00:00 UTC,1.002357607730084,1176695.5596836978,176015.37597907183,7906497.913976035,1173927.898196349,2019-11-19
144,144,2019-11-20 00:00:00 UTC,1.0011048809841796,1191338.3632187687,142661.54332172807,7906497.913976035,1190023.528851015,2019-11-20
145,145,2019-11-21 00:00:00 UTC,0.9796676915772388,1166756.3229974755,79033.07632656839,7906497.913976035,1190971.5233325998,2019-11-21
146,146,2019-11-22 00:00:00 UTC,0.9770574589739252,1160014.09203749,69662.61435748276,7906497.913976035,1187252.6854824896,2019-11-22
147,147,2019-11-23 00:00:00 UTC,0.9849920151082184,1168383.6348228126,500924.03837492346,7906497.913976035,1186185.8948109802,2019-11-23
148,148,2019-11-24 00:00:00 UTC,1.0608185317994838,1259708.8071290308,1031497.38213582,7906497.913976035,1187487.5573602265,2019-11-24
149,149,2019-11-25 00:00:00 UTC,0.9982703626975898,1189931.5622576366,707333.0794302556,7906497.913976035,1191993.2782959994,2019-11-25
150,150,2019-11-26 00:00:00 UTC,1.0121729340894978,1202370.4463524208,1177087.8736658324,7906497.913976035,1187910.0950609942,2019-11-26
151,151,2019-11-27 00:00:00 UTC,0.9972042419971042,1306134.6472036205,1177680.9755539007,7906497.913976035,1309796.5213102386,2019-11-27
152,152,2019-11-28 00:00:00 UTC,0.9746490321793776,1299017.318864475,1154502.9170201456,7906497.913976035,1332805.2211366682,2019-11-28
153,153,2019-11-29 00:00:00 UTC,1.0261274919615364,1348423.063638474,902666.70448867,7906497.913976035,1314089.2084090256,2019-11-29
154,154,2019-11-30 00:00:00 UTC,1.0339739940699073,1363798.3197876315,800862.8830485974,7906497.913976035,1318987.0611923966,2019-11-30
155,155,2019-12-01 00:00:00 UTC,1.0021770035686088,1310700.5811991673,1106330.0125423549,7906497.913976035,1307853.3797242905,2019-12-01
156,156,2019-12-02 00:00:00 UTC,1.0274083898318702,1354522.735967956,1226606.633918786,7906497.913976035,1318387.847883563,2019-12-02
157,157,2019-12-03 00:00:00 UTC,1.0034798131179263,1419082.479378627,1099191.8948776068,7906497.913976035,1414161.461773083,2019-12-03
158,158,2019-12-04 00:00:00 UTC,0.976158340963866,1377341.0305639626,1026377.4259375574,7906497.913976035,1410981.1623429514,2019-12-04
159,159,2019-12-05 00:00:00 UTC,0.9897626755532318,1401185.3634118126,1189243.394910898,7906497.913976035,1415678.1196347037,2019-12-05
160,160,2019-12-06 00:00:00 UTC,0.9863457627067233,1397197.9289826269,1217486.4607134105,7906497.913976035,1416539.6981566038,2019-12-06
161,161,2019-12-07 00:00:00 UTC,1.0267375816376267,1437711.6446684725,1255843.3244205394,7906497.913976035,1400271.7640620011,2019-12-07
162,162,2019-12-08 00:00:00 UTC,1.1005767897008831,1553870.5621511624,1171705.8010941122,7952997.67423056,1411869.2822637812,2019-12-08
163,163,2019-12-09 00:00:00 UTC,1.0834120429725915,1534182.370986229,971557.6330960541,8031380.416718814,1416065.4581398643,2019-12-09
164,164,2019-12-10 00:00:00 UTC,1.0772890822645236,1554168.6763876537,1010409.6259274428,8095372.609332069,1442666.3204649785,2019-12-10
165,165,2019-12-11 00:00:00 UTC,1.056454143690726,1526234.675964283,973505.6513921078,8095372.609332069,1444676.690492573,2019-12-11
166,166,2019-12-12 00:00:00 UTC,1.0467261950077162,1519829.5615945437,1001005.4651028268,8095372.609332069,1451983.8796843523,2019-12-12
167,167,2019-12-13 00:00:00 UTC,1.0525963048769544,1526039.0066346303,895088.8805262225,8095372.609332069,1449785.6391515834,2019-12-13
168,168,2019-12-14 00:00:00 UTC,1.0398686822066578,1501548.8029536647,963761.6256850556,8095372.609332069,1443979.2530026932,2019-12-14
169,169,2019-12-15 00:00:00 UTC,1.020085562545284,1473976.1151788232,844205.2766990002,8095372.609332069,1444953.4130264586,2019-12-15
170,170,2019-12-16 00:00:00 UTC,1.0398084455768235,1499299.223772772,925764.5062211918,8095372.609332069,1441899.4480671394,2019-12-16
171,171,2019-12-17 00:00:00 UTC,1.0356391907497209,1486235.185559313,686633.5169820975,8095372.609332069,1435089.7482774828,2019-12-17
172,172,2019-12-18 00:00:00 UTC,1.0102151265825858,1461626.1279348931,544111.4320539826,8095372.609332069,1446846.4087242156,2019-12-18
173,173,2019-12-19 00:00:00 UTC,1.005185131749896,1458916.04083371,380234.66810891294,8095372.609332069,1451390.390438752,2019-12-19
174,174,2019-12-20 00:00:00 UTC,1.002795812108251,1446382.6264277962,337173.4117790995,8095372.609332069,1442350.0865913671,2019-12-20
175,175,2019-12-21 00:00:00 UTC,1.0168114867017657,1468911.558730837,336258.1861143841,8095372.609332069,1444625.2603769747,2019-12-21
176,176,2019-12-22 00:00:00 UTC,1.0286439087740051,1492232.0864363413,834702.8795562861,8095372.609332069,1450678.9703492885,2019-12-22
177,177,2019-12-23 00:00:00 UTC,1.0495744448327788,1515515.4904712124,882472.3026658703,8095372.609332069,1443933.2988072787,2019-12-23
178,178,2019-12-24 00:00:00 UTC,1.02411782458263,1482866.024266436,758794.1006261999,8095372.609332069,1447944.7468564126,2019-12-24
179,179,2019-12-25 00:00:00 UTC,1.0188888624606234,1460944.4105582559,832235.356896363,8095372.609332069,1433860.418328713,2019-12-25
180,180,2019-12-26 00:00:00 UTC,1.0335082070491564,1497702.591585831,731716.6386813042,8095372.609332069,1449144.3622513937,2019-12-26
181,181,2019-12-27 00:00:00 UTC,1.0206672540490371,1570316.0607208328,843512.0904593666,8095372.609332069,1538519.0957104892,2019-12-27
182,182,2019-12-28 00:00:00 UTC,1.021450443344805,1578568.3364019713,851225.5184562749,8095372.609332069,1545418.4260108087,2019-12-28
183,183,2019-12-29 00:00:00 UTC,0.9999838149805532,1641165.7668749222,716583.848502218,8095372.609332069,1641192.3296046928,2019-12-29
184,184,2019-12-30 00:00:00 UTC,1.0230302119442451,1682034.9861670902,765703.3150601353,8095372.609332069,1644169.4160433658,2019-12-30
185,185,2019-12-31 00:00:00 UTC,1.0178855586007305,1661922.6187594696,837510.352564109,8095372.609332069,1632720.5005679475,2019-12-31
186,186,2020-01-01 00:00:00 UTC,1.0106050314259771,1662299.446033184,921344.04807387,8095372.609332069,1644855.6996472275,2020-01-01
187,187,2020-01-02 00:00:00 UTC,0.9944079976944342,1632885.097761476,815053.5499759702,8095372.609332069,1642067.5432492204,2020-01-02
188,188,2020-01-03 00:00:00 UTC,0.9966477671311732,1630471.7780019697,980783.9232155423,8095372.609332069,1635955.8830851985,2020-01-03
189,189,2020-01-04 00:00:00 UTC,1.0129343240128468,1663431.4692389271,955048.0538682295,8095372.609332069,1642190.8408129234,2020-01-04
190,190,2020-01-05 00:00:00 UTC,1.0461174010367214,1713040.7985061137,1303148.2499601543,8095372.609332069,1637522.5159322072,2020-01-05
191,191,2020-01-06 00:00:00 UTC,1.0493972836568046,1718348.0253468312,1111936.3943284345,8095372.609332069,1637461.8574949547,2020-01-06
192,192,2020-01-07 00:00:00 UTC,1.0501157804109478,1716897.456277349,1372830.5272900644,8095372.609332069,1634960.15230384,2020-01-07
193,193,2020-01-08 00:00:00 UTC,1.0458778835398024,1712926.8985696053,1413950.0539527875,8095372.609332069,1637788.6228669041,2020-01-08
194,194,2020-01-09 00:00:00 UTC,1.0251550493738897,1677275.1190511088,1381874.5335199027,8095372.609332069,1636118.477956578,2020-01-09
195,195,2020-01-10 00:00:00 UTC,1.0434718686776296,1705843.9237652991,895729.9662449999,8095372.609332069,1634777.1080087477,2020-01-10
196,196,2020-01-11 00:00:00 UTC,1.0512024124761163,1740693.4152849119,107570.40049441913,8095372.609332069,1655906.982923197,2020-01-11
197,197,2020-01-12 00:00:00 UTC,1.0033277084929768,1676544.4060696815,101379.29444184713,8095372.609332069,1670983.8588908233,2020-01-12
198,198,2020-01-13 00:00:00 UTC,1.0005499307739978,1664870.4494685873,95833.45260725699,8095372.609332069,1663955.3891935104,2020-01-13
199,199,2020-01-14 00:00:00 UTC,0.9889241660302124,1642516.0932664075,115866.28609591135,8095372.609332069,1660912.0796995747,2020-01-14
200,200,2020-01-15 00:00:00 UTC,1.0107482271138164,1673632.459590745,100289.1386661297,8095372.609332069,1655835.16715116,2020-01-15
201,201,2020-01-16 00:00:00 UTC,0.9899992245883537,1648282.3985560655,114272.30949846687,8095372.609332069,1664933.019762141,2020-01-16
202,202,2020-01-17 00:00:00 UTC,0.9822324356993286,1633095.0104989938,157953.37930430187,8095372.609332069,1662636.0025835074,2020-01-17
203,203,2020-01-18 00:00:00 UTC,0.9841349383719712,1640277.1828171448,175674.26083124886,8095372.609332069,1666719.7950827887,2020-01-18
204,204,2020-01-19 00:00:00 UTC,0.9808829942056126,1630915.5466485969,96414.8314404792,8095372.609332069,1662701.4193159968,2020-01-19
205,205,2020-01-20 00:00:00 UTC,0.969095460730114,1612862.0549472696,146889.54428674493,8095372.609332069,1664296.3673900026,2020-01-20
206,206,2020-01-21 00:00:00 UTC,0.9660150527217576,1605322.4902512087,174591.25478078614,8095372.609332069,1661798.6290464064,2020-01-21
207,207,2020-01-22 00:00:00 UTC,0.9680435315983904,1615625.0024496515,180775.97185201853,8095372.609332069,1668959.0392510586,2020-01-22
208,208,2020-01-23 00:00:00 UTC,0.9898451916970624,1645502.7515797175,103412.45899004066,8095372.609332069,1662383.941834933,2020-01-23
209,209,2020-01-24 00:00:00 UTC,0.9778227644561941,1620196.3989652153,179271.49128031643,8095372.609332069,1656942.8099439582,2020-01-24
210,210,2020-01-25 00:00:00 UTC,0.977132443537261,1626048.9010150274,159162.5957165276,8095372.609332069,1664102.867292648,2020-01-25
211,211,2020-01-26 00:00:00 UTC,0.96321731564474,1606508.827275515,185177.73835853225,8095372.609332069,1667857.0880966575,2020-01-26
212,212,2020-01-27 00:00:00 UTC,0.9748731427494399,1671208.436462177,172389.54731175394,8095372.609332069,1714282.9801925395,2020-01-27
213,213,2020-01-28 00:00:00 UTC,0.9721594931646418,1665925.259193904,96805.75739997934,8095372.609332069,1713633.6896437304,2020-01-28
214,214,2020-01-29 00:00:00 UTC,0.9949909908050644,1711515.060535239,137535.43168225655,8095372.609332069,1720131.2136006604,2020-01-29
215,215,2020-01-30 00:00:00 UTC,0.9805994922296292,1691908.3019289572,96165.61738002973,8095372.609332069,1725381.5806920277,2020-01-30
216,216,2020-01-31 00:00:00 UTC,0.9973615437641614,1709981.7219537431,101075.23749455619,8095372.609332069,1714505.3693368486,2020-01-31
217,217,2020-02-01 00:00:00 UTC,1.0012545090512148,1820754.8436251385,116941.9332790544,8095372.609332069,1818473.552094641,2020-02-01
218,218,2020-02-02 00:00:00 UTC,1.0069436262837743,1829700.6604868528,101196.83089288484,8095372.609332069,1817083.5116555085,2020-02-02
219,219,2020-02-03 00:00:00 UTC,1.0011153918530928,1820733.1785786662,106850.43625872972,8095372.609332069,1818704.6102731852,2020-02-03
220,220,2020-02-04 00:00:00 UTC,0.9973743758337618,1798526.281738149,92473.57229230102,8095372.609332069,1803260.9673119574,2020-02-04
221,221,2020-02-05 00:00:00 UTC,0.9705216547696952,1763642.3771605843,109749.2053756578,8095372.609332069,1817210.7427928506,2020-02-05
222,222,2020-02-06 00:00:00 UTC,0.9910672117262364,1803544.2283233071,209470.94759924847,8095372.609332069,1819800.117473266,2020-02-06
223,223,2020-02-07 00:00:00 UTC,0.9898433448530164,1800291.421469047,230552.1174336697,8095372.609332069,1818763.980007741,2020-02-07
224,224,2020-02-08 00:00:00 UTC,0.9936505776528941,1807594.9437820902,211884.27013269122,8095372.609332069,1819145.4666607424,2020-02-08
225,225,2020-02-09 00:00:00 UTC,0.9893132285750076,1798705.5164879588,210419.36404686546,8095372.609332069,1818135.5151581145,2020-02-09
226,226,2020-02-10 00:00:00 UTC,1.0087294060062797,1832324.2771926047,214465.70191842032,8095372.609332069,1816467.594066746,2020-02-10
227,227,2020-02-11 00:00:00 UTC,0.9882700694001112,1798188.7269094554,204697.3858746565,8095372.609332069,1819531.707563472,2020-02-11
228,228,2020-02-12 00:00:00 UTC,1.019662708257184,1852115.8872701426,170120.54491632828,8095372.609332069,1816400.533501705,2020-02-12
229,229,2020-02-13 00:00:00 UTC,1.055158931131536,1920225.2304389318,727889.58814903,8137763.8131298125,1819844.5502230763,2020-02-13
230,230,2020-02-14 00:00:00 UTC,1.0599685870931537,1944539.581745226,1573088.5330757182,8183257.5093943775,1834525.6693671555,2020-02-14
231,231,2020-02-15 00:00:00 UTC,1.0502405085870887,1926954.5036262502,1509206.6873057117,8235945.25466938,1834774.4996225901,2020-02-15
232,232,2020-02-16 00:00:00 UTC,1.0236589132395284,1894844.350626805,1499297.8344386094,8235945.25466938,1851050.5072732423,2020-02-16
233,233,2020-02-17 00:00:00 UTC,1.0679463676558951,1976716.094822856,1701790.5132152392,8235945.25466938,1850950.7168994623,2020-02-17
234,234,2020-02-18 00:00:00 UTC,1.0745677850357458,1990908.8690589976,1682377.8369557376,8283632.443185112,1852753.1690267166,2020-02-18
235,235,2020-02-19 00:00:00 UTC,1.0761142677808362,1998472.916226896,1619321.9198266487,8336471.274889496,1857119.6164401283,2020-02-19
236,236,2020-02-20 00:00:00 UTC,1.0546606138690666,1976699.9415090268,1551525.0701754706,8406735.778411124,1874252.1674886676,2020-02-20
237,237,2020-02-21 00:00:00 UTC,1.061162701874869,1988340.344319704,1740284.1835590913,8406735.778411124,1873737.4964335738,2020-02-21
238,238,2020-02-22 00:00:00 UTC,1.1460456414237608,2161337.361738533,1694435.2070807824,8479547.082079405,1885908.6266873719,2020-02-22
239,239,2020-02-23 00:00:00 UTC,1.1544799012761169,2193564.0543723837,1761700.6638443458,8599825.843858533,1900045.251500441,2020-02-23
240,240,2020-02-24 00:00:00 UTC,1.2114581482117548,2337828.7738206917,1825532.2222626358,8758420.943486033,1929764.373017412,2020-02-24
241,241,2020-02-25 00:00:00 UTC,1.2837884513784965,2534984.296301901,1784483.9202105296,8961103.979321763,1974612.1672771748,2020-02-25
242,242,2020-02-26 00:00:00 UTC,1.2159462835456951,2442511.322337658,1796120.8959986018,9178632.582443604,2008732.9147594445,2020-02-26
243,243,2020-02-27 00:00:00 UTC,1.1436637584058331,2576467.9105262686,1622762.984637711,9326102.359790672,2252819.4074433544,2020-02-27
244,244,2020-02-28 00:00:00 UTC,1.1867853753603728,2710437.577572116,1654487.8340070955,9454625.328930236,2283848.1446142523,2020-02-28
245,245,2020-02-29 00:00:00 UTC,1.2514369529048577,3036184.907687203,1521215.8983745675,9631120.20725244,2426158.9052804913,2020-02-29
246,246,2020-03-01 00:00:00 UTC,1.1616574285631427,2892421.5826917896,869769.4734176203,9806370.45837194,2489909.2551488555,2020-03-01
247,247,2020-03-02 00:00:00 UTC,1.174367706106606,2950314.028422202,798922.0431689197,9956180.375231665,2512257.458273789,2020-03-02
248,248,2020-03-03 00:00:00 UTC,1.2464861490143335,3204744.6829065518,1227749.6982566002,10158143.374807546,2571023.0999684376,2020-03-03
249,249,2020-03-04 00:00:00 UTC,1.3842469331849805,3638769.178398039,1368598.1885391234,10459815.38956734,2628699.469122668,2020-03-04
250,250,2020-03-05 00:00:00 UTC,1.709099422155096,4937818.05328083,1590435.0655390825,10991656.331710607,2889134.4700441523,2020-03-05
251,251,2020-03-06 00:00:00 UTC,1.5040194497336008,4661812.0804904895,404643.9788496936,11606800.443171795,3099569.0124327927,2020-03-06
252,252,2020-03-07 00:00:00 UTC,1.5840236932625655,5188948.772835362,486659.7937228543,12206769.501038408,3275802.498981465,2020-03-07
253,253,2020-03-08 00:00:00 UTC,1.4912666043094114,5130996.605953858,308992.29671995284,12799487.990507035,3440697.0498276292,2020-03-08
254,254,2020-03-09 00:00:00 UTC,1.2379759243912918,4510879.5495214285,308067.02641308616,13244592.9618649,3643753.857119161,2020-03-09
255,255,2020-03-10 00:00:00 UTC,1.1830051618402235,4454821.673302601,172778.10908891275,13480262.325714605,3765682.3630193667,2020-03-10
256,256,2020-03-11 00:00:00 UTC,1.1119316749176869,4246307.272937181,289733.5393466193,13656514.912435647,3818856.291913371,2020-03-11
257,257,2020-03-12 00:00:00 UTC,0.989243750136092,3820756.665733085,312663.41799720033,13656514.912435647,3862300.535340715,2020-03-12
258,258,2020-03-13 00:00:00 UTC,0.5994917327215644,2309059.417151719,151831.26873717323,13419461.159106102,3851695.1796300546,2020-03-13
259,259,2020-03-14 00:00:00 UTC,0.5797946534959163,2191458.9077301854,60987.10074069223,12879810.668677887,3779715.6191707114,2020-03-14
260,260,2020-03-15 00:00:00 UTC,0.5369522520476379,1965082.0805803144,127521.21647196088,12324176.270497112,3659696.1332904035,2020-03-15
261,261,2020-03-16 00:00:00 UTC,0.5460046364219461,1900288.3410562559,145416.91072279625,11761991.84150459,3480352.023215669,2020-03-16
262,262,2020-03-17 00:00:00 UTC,0.4986517126513969,1659983.2580619075,183225.22687877266,11175491.453655137,3328943.2602879424,2020-03-17
263,263,2020-03-18 00:00:00 UTC,0.5256775123817645,1657927.5596788132,218464.9688723912,10631720.39269976,3153887.165853827,2020-03-18
264,264,2020-03-19 00:00:00 UTC,0.5276492302317988,1592798.8106570074,149610.91119833244,10115664.354273506,3018669.827220791,2020-03-19
265,265,2020-03-20 00:00:00 UTC,0.6677448321163794,1904413.5039980887,317479.8349774414,9705320.97684785,2852007.851505429,2020-03-20
266,266,2020-03-21 00:00:00 UTC,0.6744229924756068,1834230.2833051488,740515.9928107973,9384733.786143582,2719703.070282692,2020-03-21
267,267,2020-03-22 00:00:00 UTC,0.6613262838662223,1751828.5134818873,837504.1736692076,9074988.900566984,2648962.4807294966,2020-03-22
268,268,2020-03-23 00:00:00 UTC,0.6702800442763361,1746883.678928536,924737.0393734329,8766561.302712586,2606199.7426979174,2020-03-23
269,269,2020-03-24 00:00:00 UTC,0.8637191655097071,2130024.437049929,1106359.2059145337,8628906.467576832,2466107.644830292,2020-03-24
270,270,2020-03-25 00:00:00 UTC,1.148468517894564,2806857.9717322,1544001.5962175708,8732206.137573006,2444000.79584061,2020-03-25
271,271,2020-03-26 00:00:00 UTC,1.1438933902193962,2829144.379617944,1730934.5794594642,8846089.072149985,2473258.7877575904,2020-03-26
272,272,2020-03-27 00:00:00 UTC,1.2929472511513302,3531688.1722891526,2327705.4306238717,9055391.55624172,2731502.131385709,2020-03-27
273,273,2020-03-28 00:00:00 UTC,1.2939517603260622,3609332.265302928,1501916.174691738,9318124.600079356,2789387.035876372,2020-03-28
274,274,2020-03-29 00:00:00 UTC,1.1588136293649716,3197288.0695748064,1647618.9815542859,9532579.508353708,2759104.646816172,2020-03-29
275,275,2020-03-30 00:00:00 UTC,1.0538780489931394,3092833.5111776968,946508.9379794444,9607242.751417743,2934716.700981245,2020-03-30
276,276,2020-03-31 00:00:00 UTC,1.0980461835785746,3265645.1156698787,1025506.6958043544,9683579.60119961,2974050.78630392,2020-03-31
277,277,2020-04-01 00:00:00 UTC,1.1456401859435803,3559002.396112698,953474.1663656724,9785590.927483037,3106562.1124152583,2020-04-01
278,278,2020-04-02 00:00:00 UTC,1.2283418601411609,3843725.0850610887,1401999.764067704,9971080.3335757,3129198.157115128,2020-04-02
279,279,2020-04-03 00:00:00 UTC,1.2601510858432672,4004826.974676917,557226.5732793129,10217840.31209704,3178053.02845648,2020-04-03
280,280,2020-04-04 00:00:00 UTC,1.197402244459292,3869190.701717408,303683.62416333123,10388307.648678966,3231320.7358857165,2020-04-04
281,281,2020-04-05 00:00:00 UTC,1.2236676309984744,4076205.0196811124,846837.5139087244,10596760.604729837,3331137.407267247,2020-04-05
282,282,2020-04-06 00:00:00 UTC,1.261238579651283,4246698.923912097,1397131.1091581262,10840399.663216284,3367086.1266282042,2020-04-06
283,283,2020-04-07 00:00:00 UTC,1.2419486341795196,4313782.055752713,1092319.0454139085,11085213.59935149,3473398.123749754,2020-04-07
284,284,2020-04-08 00:00:00 UTC,1.2032583199078468,4260337.266258232,1133330.2399164054,11307997.216407133,3540667.1998615526,2020-04-08
285,285,2020-04-09 00:00:00 UTC,1.2223847122299023,4438550.606994902,961364.180323983,11515045.78491122,3631058.6696540043,2020-04-09
286,286,2020-04-10 00:00:00 UTC,1.1444036341489074,4227014.8078977885,285125.59085001505,11676874.3272996,3693639.7978510596,2020-04-10
287,287,2020-04-11 00:00:00 UTC,1.091861450368296,4092018.8840856925,542631.1093399519,11797680.929879734,3747745.5429032804,2020-04-11
288,288,2020-04-12 00:00:00 UTC,1.0671427008418617,4041559.41792505,695642.1519429617,11797680.929879734,3787271.7629391938,2020-04-12
289,289,2020-04-13 00:00:00 UTC,1.073256546384887,4121077.2697069123,1001059.6812617808,11868989.531985993,3839787.685049002,2020-04-13
290,290,2020-04-14 00:00:00 UTC,1.072519123324971,4087909.452106795,1268390.114766738,11868989.531985993,3811502.623313288,2020-04-14
291,291,2020-04-15 00:00:00 UTC,1.08423302662009,4120196.5155145912,1331032.607672722,11942059.90643087,3800102.3897589575,2020-04-15
292,292,2020-04-16 00:00:00 UTC,1.0677004008160615,4088484.5721155405,923717.3733166064,12015635.41962159,3829243.2680465817,2020-04-16
293,293,2020-04-17 00:00:00 UTC,1.1563986608511092,4460409.042590542,967803.3917431749,12147111.598973194,3857155.143458642,2020-04-17
294,294,2020-04-18 00:00:00 UTC,1.1293702493473865,4403226.866292627,908636.0558325944,12316855.789262125,3898833.7693834757,2020-04-18
295,295,2020-04-19 00:00:00 UTC,1.1580930322242935,4597876.6519400515,912142.9288632704,12484307.812968805,3970213.552799926,2020-04-19
296,296,2020-04-20 00:00:00 UTC,1.1960500854413738,4794956.91238143,963866.3771551688,12689061.184123876,4008993.4115191884,2020-04-20
297,297,2020-04-21 00:00:00 UTC,1.155197951369198,4691231.160022122,487521.8964268554,12894459.37594789,4060976.0036899666,2020-04-21
298,298,2020-04-22 00:00:00 UTC,1.2281116012337872,5054528.562940276,823390.634220168,13104014.785391953,4115691.568960336,2020-04-22
299,299,2020-04-23 00:00:00 UTC,1.3046209640713935,5490616.434089947,551365.6735523161,13451471.558287548,4208591.296091943,2020-04-23
300,300,2020-04-24 00:00:00 UTC,1.2792714612564953,5525498.959288767,351020.62920543365,13851662.877945935,4319254.455861654,2020-04-24
301,301,2020-04-25 00:00:00 UTC,1.220386372950646,5416897.538845547,429208.6647912783,14140109.679938694,4438674.225563983,2020-04-25
302,302,2020-04-26 00:00:00 UTC,1.3018066605339869,5861643.926013486,805771.1298601159,14487220.432600765,4502699.289930737,2020-04-26
303,303,2020-04-27 00:00:00 UTC,1.423099718327589,6604887.938646205,977746.6861682144,14961501.768993333,4641198.2615021495,2020-04-27
304,304,2020-04-28 00:00:00 UTC,1.4108296464339416,7793348.28969451,935547.2107539736,15518362.807714432,5523947.068587074,2020-04-28
305,305,2020-04-29 00:00:00 UTC,1.4852956889193016,8404257.677017804,948653.066392138,16148116.919824075,5658306.1135340175,2020-04-29
306,306,2020-04-30 00:00:00 UTC,1.609425237966353,9431249.306467336,1398357.3517461314,16928024.939602915,5860010.8187594535,2020-04-30
307,307,2020-05-01 00:00:00 UTC,1.233940551408182,7642625.053904452,1120839.346066167,17446104.377284396,6193673.629724408,2020-05-01
308,308,2020-05-02 00:00:00 UTC,1.310486564126123,8375561.881832343,1239639.7738065568,17912721.653502304,6391184.855388008,2020-05-02
309,309,2020-05-03 00:00:00 UTC,1.284433969564791,8387202.865273834,299108.04918139003,18475980.28861049,6529882.472756227,2020-05-03
310,310,2020-05-04 00:00:00 UTC,1.1854123217824823,8000644.0229481235,124409.79693790588,18857121.847572345,6749249.924210088,2020-05-04
311,311,2020-05-05 00:00:00 UTC,1.1232581237462047,7750175.080479615,75322.46111908538,19058972.5711842,6899727.601908476,2020-05-05
312,312,2020-05-06 00:00:00 UTC,1.152788404653054,7941591.854849119,446452.75434069854,19311665.60216404,6889028.223040844,2020-05-06
313,313,2020-05-07 00:00:00 UTC,1.1500685456996091,8175808.6331997365,496705.3291312764,19563791.44567885,7108975.081329811,2020-05-07
314,314,2020-05-08 00:00:00 UTC,1.1028558919671263,7921635.118647258,567896.3677389786,19803324.61916926,7182837.917760686,2020-05-08
315,315,2020-05-09 00:00:00 UTC,1.0608909139220009,7563444.017382207,743964.4349336581,19952422.05591448,7129332.448914054,2020-05-09
316,316,2020-05-10 00:00:00 UTC,0.9297276630780758,6554363.523253597,580981.9923335843,19787740.311824787,7049767.134554091,2020-05-10
317,317,2020-05-11 00:00:00 UTC,0.9054649121019074,6535228.212499485,531299.7335203483,19479187.25637907,7217538.885442713,2020-05-11
318,318,2020-05-12 00:00:00 UTC,0.9049962580547708,6434876.351632938,24367.37308077624,19252065.024766266,7110390.009196586,2020-05-12
319,319,2020-05-13 00:00:00 UTC,0.9170644856343598,6443777.693824923,4008.6325921986463,19013247.45742224,7026526.2637093365,2020-05-13
320,320,2020-05-14 00:00:00 UTC,0.9307305004060044,6428796.178945088,7135.547821284573,18816471.176435333,6907258.520206129,2020-05-14
321,321,2020-05-15 00:00:00 UTC,0.9295135156861036,6372789.621156652,9240.30381025469,18628076.36420384,6856048.366819812,2020-05-15
322,322,2020-05-16 00:00:00 UTC,0.9109377968456356,6201425.625227276,6351.7106623729005,18490872.958827093,6807737.747518395,2020-05-16
323,323,2020-05-17 00:00:00 UTC,0.9419502687296082,6635917.375645452,7025.460751450622,18490872.958827093,7044870.197441737,2020-05-17
324,324,2020-05-18 00:00:00 UTC,1.1406509810836063,7678621.023601434,21389.55100445933,18614803.540330786,6731788.383074747,2020-05-18
325,325,2020-05-19 00:00:00 UTC,1.1565356721889115,7875377.433176414,1417694.159413615,18843063.86963685,6809454.8422108935,2020-05-19
326,326,2020-05-20 00:00:00 UTC,1.1921251600067782,8195009.589195187,1423551.3236853124,19144291.73571996,6874286.244532069,2020-05-20
327,327,2020-05-21 00:00:00 UTC,1.1552696817769608,8013506.186772094,1592146.456456324,19448124.79093928,6936480.990694951,2020-05-21
328,328,2020-05-22 00:00:00 UTC,1.108970288300022,7859924.650488969,1446085.723313255,19688136.4747578,7087588.128747536,2020-05-22
329,329,2020-05-23 00:00:00 UTC,1.1003570288883242,8002304.562523719,629745.1862260383,19946433.52427405,7272461.894125708,2020-05-23
330,330,2020-05-24 00:00:00 UTC,1.036573140116962,7558247.6424450725,29522.34597219878,20080595.56790644,7291571.959497461,2020-05-24
331,331,2020-05-25 00:00:00 UTC,1.0012845814871651,7339915.379900929,13740.885782001076,20080595.56790644,7330498.75690612,2020-05-25
332,332,2020-05-26 00:00:00 UTC,0.9619378895548388,7053847.876731076,12893.230895155313,20080595.56790644,7332955.6443560235,2020-05-26
333,333,2020-05-27 00:00:00 UTC,0.9305413593200398,6793971.820511026,16572.43878529354,19939579.000250656,7301096.025947177,2020-05-27
334,334,2020-05-28 00:00:00 UTC,0.9507126007924976,7382671.713830505,15329.00978447626,19806689.01553776,7765408.502713056,2020-05-28
335,335,2020-05-29 00:00:00 UTC,1.0060200023939119,7920214.802499077,13396.145892677652,19806689.01553776,7872820.404815251,2020-05-29
336,336,2020-05-30 00:00:00 UTC,0.972334481420204,7852516.811129071,11059.557807469182,19806689.01553776,8075941.932718036,2020-05-30
337,337,2020-05-31 00:00:00 UTC,1.0571999240122794,8546857.345896937,19740.336442944223,19806689.01553776,8084428.641897694,2020-05-31
338,338,2020-06-01 00:00:00 UTC,0.9828019846964124,7814515.962453265,17298.901551750092,19806689.01553776,7951261.886052427,2020-06-01
339,339,2020-06-02 00:00:00 UTC,0.9942676091863162,8052918.780703093,5678.568713864737,19806689.01553776,8099347.40536645,2020-06-02
340,340,2020-06-03 00:00:00 UTC,0.9732922818824621,7814754.601993727,25800.25813805335,19806689.01553776,8029196.108366409,2020-06-03
341,341,2020-06-04 00:00:00 UTC,0.9900055704485072,7953307.986005535,9124.842432170928,19806689.01553776,8033599.227530011,2020-06-04
342,342,2020-06-05 00:00:00 UTC,0.9827870487825028,7837133.462119129,6012.28476216633,19693112.91992952,7974396.357611686,2020-06-05
343,343,2020-06-06 00:00:00 UTC,0.9845821708911656,7892712.713499173,2937.0766951242176,19693112.91992952,8016306.761227776,2020-06-06
344,344,2020-06-07 00:00:00 UTC,0.9857515751935314,7743104.409133968,3204.6412236938195,19693112.91992952,7855026.15870918,2020-06-07
345,345,2020-06-08 00:00:00 UTC,0.952748574696888,7615515.695121488,6550.158103103702,19594469.79745887,7993206.074902105,2020-06-08
346,346,2020-06-09 00:00:00 UTC,0.9711241049504812,8215043.723463499,1163.7323164236302,19443400.25074025,8459313.986323504,2020-06-09
347,347,2020-06-10 00:00:00 UTC,0.9751932382447184,7689567.941179881,7511.558768404182,19271281.600807834,7885173.5631602425,2020-06-10
348,348,2020-06-11 00:00:00 UTC,0.9703831209926144,7588494.754816594,5862.597088159452,19072666.39676328,7820101.762543282,2020-06-11
349,349,2020-06-12 00:00:00 UTC,0.9172602398370046,7108392.189550863,10096.544001334223,18902405.2425826,7749591.5344744595,2020-06-12
350,350,2020-06-13 00:00:00 UTC,0.9450005513555992,7242891.0482653715,4398.596433449095,18755988.11652344,7664430.499935132,2020-06-13
351,351,2020-06-14 00:00:00 UTC,0.9504307829898008,7223123.6530793775,5365.845880034439,18593628.34851341,7599841.863662459,2020-06-14
352,352,2020-06-15 00:00:00 UTC,0.9611528471264964,7252075.618456847,19101.937930457625,18466221.5872318,7545184.556377232,2020-06-15
353,353,2020-06-16 00:00:00 UTC,0.9417309170742744,7062811.479425401,5914.285918513748,18325463.24980293,7499819.058046659,2020-06-16
354,354,2020-06-17 00:00:00 UTC,0.9856791483501464,7329938.694460294,11215.66440867259,18325463.24980293,7436434.773657658,2020-06-17
355,355,2020-06-18 00:00:00 UTC,1.009838314318848,7503722.766137796,26965.166490267125,18325463.24980293,7430618.010566549,2020-06-18
356,356,2020-06-19 00:00:00 UTC,1.0410527645744527,7741654.74318108,137784.09609328452,18325463.24980293,7436371.149108477,2020-06-19
357,357,2020-06-20 00:00:00 UTC,1.0034050783381006,7496446.626551397,19868.31285057478,18325463.24980293,7471007.261561263,2020-06-20
358,358,2020-06-21 00:00:00 UTC,1.0127303185830032,7519039.08765071,21454.884112095187,18325463.24980293,7424522.550259219,2020-06-21
359,359,2020-06-22 00:00:00 UTC,1.0136908819570611,7506040.940396302,35384.551188271034,18325463.24980293,7404664.552082111,2020-06-22
360,360,2020-06-23 00:00:00 UTC,1.0260292275878709,7623412.6460600225,77708.96865428037,18325463.24980293,7430015.0922427215,2020-06-23
361,361,2020-06-24 00:00:00 UTC,1.0230664348759688,7555809.8279957175,292096.9427674541,18325463.24980293,7385453.740266383,2020-06-24
362,362,2020-06-25 00:00:00 UTC,1.1621083481578758,8568818.380605174,1174835.8835621777,18495672.97895284,7373510.735197881,2020-06-25
363,363,2020-06-26 00:00:00 UTC,1.173286168788266,8819034.9169592,1262183.59542368,18756048.45735376,7516525.082765808,2020-06-26
364,364,2020-06-27 00:00:00 UTC,1.2229380560960996,10288572.126231076,875325.7444531801,18978525.334312048,8412995.306626217,2020-06-27
365,365,2020-06-28 00:00:00 UTC,1.2364835651865869,10473543.885998953,1139202.2929386243,19489908.529793333,8470427.089274319,2020-06-28
366,366,2020-06-29 00:00:00 UTC,1.4664870807217003,12796748.150445525,1753914.6847710444,20100027.53988472,8726124.027051011,2020-06-29
367,367,2020-06-30 00:00:00 UTC,1.7807883379222196,15976827.258396804,2564534.206524877,21405886.37172622,8971772.1742485,2020-06-30
368,368,2020-07-01 00:00:00 UTC,2.2766923690044902,21714182.29975141,2912466.3238035007,23470738.17017335,9537600.510009257,2020-07-01
369,369,2020-07-02 00:00:00 UTC,2.8931118599984242,29011641.632786416,7651985.524524305,27056776.08823042,10027832.671773091,2020-07-02
370,370,2020-07-03 00:00:00 UTC,2.1630237088706106,26438925.15199419,5682651.3080013925,30576974.46032995,12223132.388039736,2020-07-03
371,371,2020-07-04 00:00:00 UTC,1.974839619369038,26982327.07207333,2818093.5294862012,33283371.19516445,13663047.270995198,2020-07-04
372,372,2020-07-05 00:00:00 UTC,2.3573153705801,34992649.74469187,4048455.6640137113,36887872.85610216,14844280.142321687,2020-07-05
373,373,2020-07-06 00:00:00 UTC,2.0734582270883557,34190187.50497062,3125677.9349235594,40861121.336071774,16489450.840291118,2020-07-06
374,374,2020-07-07 00:00:00 UTC,1.9679125847442591,35975020.593809515,2423290.741684568,44524726.9251636,18280802.141668636,2020-07-07
375,375,2020-07-08 00:00:00 UTC,1.9177264108986867,38206883.76696635,2058515.8937405646,48423408.34594075,19923010.680685055,2020-07-08
376,376,2020-07-09 00:00:00 UTC,2.4063957489383347,52048739.927903496,5019436.713928621,53646902.15924037,21629335.054662813,2020-07-09
377,377,2020-07-10 00:00:00 UTC,2.820937148326041,67133694.75102317,5515772.185641752,62017170.79713901,23798366.0114018,2020-07-10
378,378,2020-07-11 00:00:00 UTC,3.403589338724848,94007125.34657934,10825123.396311637,74047748.83773229,27619996.418780368,2020-07-11
379,379,2020-07-12 00:00:00 UTC,3.8250545684843087,126233699.01756108,17690595.436706707,89839888.94993035,33001803.44030533,2020-07-12
380,380,2020-07-13 00:00:00 UTC,3.419633824984873,136883881.23851752,19178862.12518183,114267479.71160604,40028812.511562705,2020-07-13
381,381,2020-07-14 00:00:00 UTC,1.964223517046229,100275945.05782804,17622462.01716971,130739374.37936191,51051188.51678426,2020-07-14
382,382,2020-07-15 00:00:00 UTC,1.647617713291926,96742134.83755244,11972461.88943176,139076241.29964203,58716372.16394238,2020-07-15
383,383,2020-07-16 00:00:00 UTC,1.7035374745551144,105684227.7219039,8951985.347024268,148117119.1406353,62038099.71923498,2020-07-16
384,384,2020-07-17 00:00:00 UTC,2.23127918098779,147617372.79516542,11085641.712878814,161759834.76100707,66158181.3934261,2020-07-17
385,385,2020-07-18 00:00:00 UTC,2.8628403890468133,204224448.05976456,19282272.62366253,186313799.90381107,71336302.52008614,2020-07-18
386,386,2020-07-19 00:00:00 UTC,2.5471780195070206,212302954.3864871,9122316.365949627,213932214.21016425,83348298.69000521,2020-07-19
387,387,2020-07-20 00:00:00 UTC,2.9638939867364185,283210185.44861186,17067970.957037345,247330869.08467647,95553412.74552745,2020-07-20
388,388,2020-07-21 00:00:00 UTC,2.9895147605058585,327241571.34410405,22457021.564110126,292257045.8898692,109463106.07569344,2020-07-21
389,389,2020-07-22 00:00:00 UTC,2.915976255412432,381006706.297208,31563685.248171296,340981448.3229017,130661800.00266115,2020-07-22
390,390,2020-07-23 00:00:00 UTC,2.109722818737298,326467040.6266837,36856411.25926852,390475726.3515056,154744043.9697568,2020-07-23
391,391,2020-07-24 00:00:00 UTC,2.0004169661123807,348593877.93248963,40740843.30023968,424355357.7046404,174260608.58199406,2020-07-24
392,392,2020-07-25 00:00:00 UTC,2.2683159527004984,426835248.95190334,34849941.34850284,467297441.1106613,188172749.23440146,2020-07-25
393,393,2020-07-26 00:00:00 UTC,2.641227523264071,559826753.2616143,50437734.18681654,531721351.58324105,211957034.49651,2020-07-26
394,394,2020-07-27 00:00:00 UTC,2.8248388311746586,687697810.4002345,64139725.19883717,616895290.6759577,243446742.0975899,2020-07-27
395,395,2020-07-28 00:00:00 UTC,2.3002142923380138,688840241.266451,105116882.59493189,696691380.3295325,299467855.47806114,2020-07-28
396,396,2020-07-29 00:00:00 UTC,1.6697828311903455,566547311.4347618,65099317.29487345,751490791.2609534,339294009.28795314,2020-07-29
397,397,2020-07-30 00:00:00 UTC,1.2033048849639958,441699481.8736268,65083612.38455052,780675794.4248009,367071959.39526415,2020-07-30
398,398,2020-07-31 00:00:00 UTC,0.6707790550063785,257185197.42402065,90736623.74195601,764417855.6828378,383412683.36348855,2020-07-31
399,399,2020-08-01 00:00:00 UTC,0.995082735684478,371651591.5423964,91969266.75095156,750553646.582128,373488131.4032164,2020-08-01
400,400,2020-08-02 00:00:00 UTC,1.3752634036809706,503401097.2600696,90036733.26327929,766632269.7673695,366039768.02748334,2020-08-02
401,401,2020-08-03 00:00:00 UTC,1.0113229470881069,381752124.23500437,43595864.91371336,779024480.6663343,377477961.2528123,2020-08-03
402,402,2020-08-04 00:00:00 UTC,0.8900707009310053,337410866.6314998,39038537.22961213,779024480.6663343,379083219.20783526,2020-08-04
403,403,2020-08-05 00:00:00 UTC,0.7809800021450741,301989922.56124866,29865908.525628794,766813832.6938213,386680736.6792873,2020-08-05
404,404,2020-08-06 00:00:00 UTC,0.8033441072918621,300155891.0766957,32658788.152417626,754786399.7016032,373633027.68043625,2020-08-06
405,405,2020-08-07 00:00:00 UTC,0.7703914209588717,282867564.64953566,32860599.832284685,736265907.1032615,367173824.8298028,2020-08-07
406,406,2020-08-08 00:00:00 UTC,0.6854238716333868,244558424.31273237,26756756.773287226,715863004.7271421,356798813.7470933,2020-08-08
407,407,2020-08-09 00:00:00 UTC,0.5996630372438264,208843592.0678432,21414228.24761886,690388717.1583421,348268242.4912013,2020-08-09
408,408,2020-08-10 00:00:00 UTC,0.7445894567369997,249503834.67383692,49799964.96752521,668314534.0020489,335089131.89186543,2020-08-10
409,409,2020-08-11 00:00:00 UTC,0.7224922542370503,234879062.52596343,25932420.01212135,653077336.6694298,325095613.34189665,2020-08-11
410,410,2020-08-12 00:00:00 UTC,0.7121934815265958,225311670.7270237,23409215.93757988,631828952.5212778,316363006.0809673,2020-08-12
411,411,2020-08-13 00:00:00 UTC,0.8070441258578782,247435841.0196752,49267648.06520622,623909960.2229817,306595182.4587706,2020-08-13
412,412,2020-08-14 00:00:00 UTC,0.6920220396137976,210343030.8557804,41113121.38285248,609018581.9552008,303954236.7366916,2020-08-14
413,413,2020-08-15 00:00:00 UTC,0.6711526992298387,199070963.51227832,13987582.399687394,590182769.9413621,296610538.4672017,2020-08-15
414,414,2020-08-16 00:00:00 UTC,0.6351439435002044,183115111.0262144,10345039.191222982,570190523.2285367,288304899.85795707,2020-08-16
415,415,2020-08-17 00:00:00 UTC,0.6041461139214221,167116042.4900542,11420322.80038694,548491680.9921197,276615273.4233925,2020-08-17
416,416,2020-08-18 00:00:00 UTC,0.5677273645927804,151615156.5373691,13582202.554517122,525781353.51271474,267056277.34911042,2020-08-18
417,417,2020-08-19 00:00:00 UTC,0.588812850049147,150962163.5569167,17378049.024966147,504429028.8644108,256383948.72719952,2020-08-19
418,418,2020-08-20 00:00:00 UTC,0.6012207637240565,148116899.15998957,15090035.467288265,484626779.52342224,246360252.5011446,2020-08-20
419,419,2020-08-21 00:00:00 UTC,0.6158302936579694,145346377.3343404,11158873.270156983,466058632.940772,236016933.28692502,2020-08-21
420,420,2020-08-22 00:00:00 UTC,0.6261342699097847,141849455.66812143,38027366.18158929,454757724.0740809,226547982.5733856,2020-08-22
421,421,2020-08-23 00:00:00 UTC,0.8164824115846576,180152224.06930703,24911636.969019864,442156224.5590172,220644341.52312148,2020-08-23
422,422,2020-08-24 00:00:00 UTC,0.7478023948784006,160318951.06095558,12950798.453548508,432161570.2542754,214386784.7428128,2020-08-24
423,423,2020-08-25 00:00:00 UTC,0.7059613302861978,148456083.72432375,17221788.28639656,421210178.78947264,210289257.15256873,2020-08-25
424,424,2020-08-26 00:00:00 UTC,0.6429340262528164,131721671.20724626,12427175.495070094,406581906.989748,204875875.01777405,2020-08-26
425,425,2020-08-27 00:00:00 UTC,0.624268982218683,134174331.81216112,8794632.10724797,392206740.2652959,214930319.5159543,2020-08-27
426,426,2020-08-28 00:00:00 UTC,0.6666801853552597,138479039.78279424,12896211.872212153,377653187.4174793,207714347.63581836,2020-08-28
427,427,2020-08-29 00:00:00 UTC,0.7868703393924016,156986391.63325062,22293691.971260384,367908846.51244617,199507318.77182072,2020-08-29
428,428,2020-08-30 00:00:00 UTC,1.3281985301846897,256584510.07910717,66749378.60354944,367908846.51244617,193182347.5541931,2020-08-30
429,429,2020-08-31 00:00:00 UTC,1.8358549938232496,353651008.01351035,76721729.00803064,389091778.7643485,192635588.9780905,2020-08-31
430,430,2020-09-01 00:00:00 UTC,2.1682324113951514,446008648.64866114,89160095.00774415,423059696.1196466,205701495.05406407,2020-09-01
431,431,2020-09-02 00:00:00 UTC,2.2335609211944614,522297219.92895377,35587251.02178591,474934157.6896251,233840597.3048813,2020-09-02
432,432,2020-09-03 00:00:00 UTC,1.3586723984573197,340996257.46800065,88070349.29827161,495433838.9672328,250977540.9106557,2020-09-03
433,433,2020-09-04 00:00:00 UTC,0.7797801254844262,205393449.9312864,63386045.19643295,495433838.9672328,263399185.5123121,2020-09-04
434,434,2020-09-05 00:00:00 UTC,0.7746424630518595,202547692.44663683,26620328.557301465,483430165.57662576,261472488.41570023,2020-09-05
435,435,2020-09-06 00:00:00 UTC,0.6205889388491505,158048247.62126765,21769976.538195614,469488628.44977903,254674612.65803385,2020-09-06
436,436,2020-09-07 00:00:00 UTC,0.7076255362732351,175492846.23890153,19720908.717731345,453579843.80440426,248002421.11547902,2020-09-07
437,437,2020-09-08 00:00:00 UTC,0.6837227663138544,164277457.24924642,19158894.806484804,440653984.20672286,240269105.17388988,2020-09-08
438,438,2020-09-09 00:00:00 UTC,0.656939840000074,152949874.38525695,9424604.539107705,426100020.1553578,232821736.59195295,2020-09-09
439,439,2020-09-10 00:00:00 UTC,0.7629246964257066,171997113.84451783,18821052.751454446,415239739.6068235,225444417.58186924,2020-09-10
440,440,2020-09-11 00:00:00 UTC,1.0119279297321808,225981838.2795185,93753601.00900485,415239739.6068235,223318115.49003038,2020-09-11
441,441,2020-09-12 00:00:00 UTC,0.9389364480876976,206078139.03734007,30328734.390639033,411855823.3429506,219480391.30555955,2020-09-12
442,442,2020-09-13 00:00:00 UTC,0.8264337974780077,179244707.64309594,16179682.058446985,405237411.4607857,216889372.37330958,2020-09-13
443,443,2020-09-14 00:00:00 UTC,0.730282145325598,156397743.59407523,19209186.69374749,394163717.5519667,214160711.16505927,2020-09-14
444,444,2020-09-15 00:00:00 UTC,0.7704153091730133,159619749.07496867,26671713.327351704,386679364.6807554,207186626.7121681,2020-09-15
445,445,2020-09-16 00:00:00 UTC,0.742613147655352,151816457.33938363,13636408.699515518,377966130.34058064,204435455.82072282,2020-09-16
446,446,2020-09-17 00:00:00 UTC,0.7355717781660726,147307160.10676983,8418690.269427838,367807913.88681823,200262115.10457352,2020-09-17
447,447,2020-09-18 00:00:00 UTC,0.7627791063761358,148253034.25038835,8756110.532493262,358679742.83907235,194359065.43733114,2020-09-18
448,448,2020-09-19 00:00:00 UTC,0.7738917809661104,145885613.43856058,11619256.515024398,351077578.4380738,188509061.63706765,2020-09-19
449,449,2020-09-20 00:00:00 UTC,0.7971713557419684,147880751.35367998,7104496.045770007,343846647.86018986,185506855.3185027,2020-09-20
